timestamp_utc,open,high,low,close,volume,source,symbol
2026-09-25T01:04:00Z,95.94499969482422,95.94499969482422,95.94499969482422,95.94499969482422,0.0,yahoo,USDINR=X
2026-09-25T01:10:00Z,95.94499969482422,95.94499969482422,95.94499969482422,95.94499969482422,0.0,yahoo,USDINR=X
2026-09-25T01:12:00Z,95.94499969482422,95.94499969482422,95.94499969482422,95.94499969482422,0.0,yahoo,USDINR=X
2026-09-25T01:38:00Z,95.94499969482422,95.94499969482422,95.94499969482422,95.94499969482422,0.0,yahoo,USDINR=X
2026-09-25T01:39:00Z,95.94499969482422,95.94499969482422,95.94499969482422,95.94499969482422,0.0,yahoo,USDINR=X
2026-09-25T01:41:00Z,95.94499969482422,95.94499969482422,95.94499969482422,95.94499969482422,0.0,yahoo,USDINR=X
2026-09-25T01:50:00Z,95.94499969482422,95.94499969482422,95.94499969482422,95.94499969482422,0.0,yahoo,USDINR=X
2026-09-25T01:52:00Z,95.94499969482422,95.94499969482422,95.94499969482422,95.94499969482422,0.0,yahoo,USDINR=X
2026-09-25T02:15:00Z,95.94499969482422,95.94499969482422,95.94499969482422,95.94499969482422,0.0,yahoo,USDINR=X
2026-09-25T02:17:00Z,95.94499969482422,95.94499969482422,95.94499969482422,95.94499969482422,0.0,yahoo,USDINR=X
2026-09-25T02:24:00Z,95.94499969482422,95.94499969482422,95.94499969482422,95.94499969482422,0.0,yahoo,USDINR=X
2026-09-25T03:05:00Z,95.94499969482422,95.94499969482422,95.94499969482422,95.94499969482422,0.0,yahoo,USDINR=X
2026-09-25T03:07:00Z,95.94499969482422,95.94499969482422,95.94499969482422,95.94499969482422,0.0,yahoo,USDINR=X
2026-09-25T03:18:00Z,95.95500183105469,95.95500183105469,95.95500183105469,95.95500183105469,0.0,yahoo,USDINR=X
2026-09-25T03:30:00Z,95.95999908447266,95.95999908447266,95.90499877929688,95.90499877929688,0.0,yahoo,USDINR=X
2026-09-25T03:31:00Z,95.91799926757812,95.91999816894531,95.88800048828125,95.88800048828125,0.0,yahoo,USDINR=X
2026-09-25T03:32:00Z,95.88999938964844,95.91300201416016,95.88999938964844,95.91000366210938,0.0,yahoo,USDINR=X
2026-09-25T03:33:00Z,95.91000366210938,95.9124984741211,95.9000015258789,95.90249633789062,0.0,yahoo,USDINR=X
2026-09-25T03:34:00Z,95.9000015258789,95.90499877929688,95.88999938964844,95.88999938964844,0.0,yahoo,USDINR=X
2026-09-25T03:35:00Z,95.90499877929688,95.90750122070312,95.8949966430664,95.8949966430664,0.0,yahoo,USDINR=X
2026-09-25T03:36:00Z,95.90750122070312,95.90750122070312,95.9000015258789,95.90499877929688,0.0,yahoo,USDINR=X
2026-09-25T03:37:00Z,95.90249633789062,95.90249633789062,95.88749694824219,95.88999938964844,0.0,yahoo,USDINR=X
2026-09-25T03:38:00Z,95.89250183105469,95.8949966430664,95.87999725341797,95.88999938964844,0.0,yahoo,USDINR=X
2026-09-25T03:39:00Z,95.88999938964844,95.90249633789062,95.88500213623047,95.9000015258789,0.0,yahoo,USDINR=X
2026-09-25T03:40:00Z,95.89749908447266,95.90249633789062,95.87999725341797,95.9000015258789,0.0,yahoo,USDINR=X
2026-09-25T03:41:00Z,95.9000015258789,95.90499877929688,95.88999938964844,95.90499877929688,0.0,yahoo,USDINR=X
2026-09-25T03:42:00Z,95.9000015258789,95.9124984741211,95.8949966430664,95.90750122070312,0.0,yahoo,USDINR=X
2026-09-25T03:43:00Z,95.91000366210938,95.9124984741211,95.9000015258789,95.9124984741211,0.0,yahoo,USDINR=X
2026-09-25T03:44:00Z,95.91500091552734,95.92250061035156,95.9000015258789,95.9175033569336,0.0,yahoo,USDINR=X
2026-09-25T03:45:00Z,95.90499877929688,95.91999816894531,95.90499877929688,95.9175033569336,0.0,yahoo,USDINR=X
2026-09-25T03:46:00Z,95.9175033569336,95.91999816894531,95.91000366210938,95.91999816894531,0.0,yahoo,USDINR=X
2026-09-25T03:47:00Z,95.91500091552734,95.91999816894531,95.90499877929688,95.9124984741211,0.0,yahoo,USDINR=X
2026-09-25T03:48:00Z,95.91500091552734,95.9175033569336,95.9000015258789,95.91000366210938,0.0,yahoo,USDINR=X
2026-09-25T03:49:00Z,95.9175033569336,95.9175033569336,95.90750122070312,95.9124984741211,0.0,yahoo,USDINR=X
2026-09-25T03:50:00Z,95.90750122070312,95.9124984741211,95.9000015258789,95.9124984741211,0.0,yahoo,USDINR=X
2026-09-25T03:51:00Z,95.91000366210938,95.9175033569336,95.91000366210938,95.9175033569336,0.0,yahoo,USDINR=X
2026-09-25T03:52:00Z,95.9000015258789,95.92500305175781,95.9000015258789,95.92500305175781,0.0,yahoo,USDINR=X
2026-09-25T03:53:00Z,95.92250061035156,95.92500305175781,95.90799713134766,95.91999816894531,0.0,yahoo,USDINR=X
2026-09-25T03:54:00Z,95.91000366210938,95.92250061035156,95.91000366210938,95.91999816894531,0.0,yahoo,USDINR=X
2026-09-25T03:55:00Z,95.92500305175781,95.93000030517578,95.91000366210938,95.93000030517578,0.0,yahoo,USDINR=X
2026-09-25T03:56:00Z,95.93250274658203,95.93499755859375,95.91000366210938,95.93000030517578,0.0,yahoo,USDINR=X
2026-09-25T03:57:00Z,95.93250274658203,95.93499755859375,95.91999816894531,95.93499755859375,0.0,yahoo,USDINR=X
2026-09-25T03:58:00Z,95.92500305175781,95.93499755859375,95.9229965209961,95.93250274658203,0.0,yahoo,USDINR=X
2026-09-25T03:59:00Z,95.93499755859375,95.93499755859375,95.93000030517578,95.93499755859375,0.0,yahoo,USDINR=X
2026-09-25T04:00:00Z,95.93250274658203,95.9375,95.91999816894531,95.92749786376953,0.0,yahoo,USDINR=X
2026-09-25T04:01:00Z,95.93000030517578,95.93250274658203,95.91999816894531,95.93000030517578,0.0,yahoo,USDINR=X
2026-09-25T04:02:00Z,95.93250274658203,95.93250274658203,95.91999816894531,95.93250274658203,0.0,yahoo,USDINR=X
2026-09-25T04:03:00Z,95.93000030517578,95.93250274658203,95.93000030517578,95.93250274658203,0.0,yahoo,USDINR=X
2026-09-25T04:04:00Z,95.93250274658203,95.93250274658203,95.93000030517578,95.93000030517578,0.0,yahoo,USDINR=X
2026-09-25T04:05:00Z,95.93250274658203,95.93499755859375,95.92250061035156,95.92250061035156,0.0,yahoo,USDINR=X
2026-09-25T04:06:00Z,95.91999816894531,95.9229965209961,95.91000366210938,95.91500091552734,0.0,yahoo,USDINR=X
2026-09-25T04:07:00Z,95.91000366210938,95.9124984741211,95.90499877929688,95.9124984741211,0.0,yahoo,USDINR=X
2026-09-25T04:08:00Z,95.91000366210938,95.9124984741211,95.9000015258789,95.91000366210938,0.0,yahoo,USDINR=X
2026-09-25T04:09:00Z,95.91500091552734,95.91500091552734,95.90249633789062,95.90249633789062,0.0,yahoo,USDINR=X
2026-09-25T04:10:00Z,95.9020004272461,95.90750122070312,95.9000015258789,95.9000015258789,0.0,yahoo,USDINR=X
2026-09-25T04:11:00Z,95.90249633789062,95.91000366210938,95.8949966430664,95.91000366210938,0.0,yahoo,USDINR=X
2026-09-25T04:12:00Z,95.9124984741211,95.9124984741211,95.9000015258789,95.91000366210938,0.0,yahoo,USDINR=X
2026-09-25T04:13:00Z,95.90499877929688,95.91500091552734,95.90499877929688,95.91500091552734,0.0,yahoo,USDINR=X
2026-09-25T04:14:00Z,95.9124984741211,95.92500305175781,95.9000015258789,95.91500091552734,0.0,yahoo,USDINR=X
2026-09-25T04:15:00Z,95.92749786376953,95.92749786376953,95.91000366210938,95.92250061035156,0.0,yahoo,USDINR=X
2026-09-25T04:16:00Z,95.91999816894531,95.92500305175781,95.91000366210938,95.92500305175781,0.0,yahoo,USDINR=X
2026-09-25T04:17:00Z,95.92749786376953,95.93250274658203,95.91200256347656,95.92500305175781,0.0,yahoo,USDINR=X
2026-09-25T04:18:00Z,95.92250061035156,95.92749786376953,95.91500091552734,95.92250061035156,0.0,yahoo,USDINR=X
2026-09-25T04:19:00Z,95.91999816894531,95.92500305175781,95.91999816894531,95.92250061035156,0.0,yahoo,USDINR=X
2026-09-25T04:20:00Z,95.91999816894531,95.92250061035156,95.91500091552734,95.91999816894531,0.0,yahoo,USDINR=X
2026-09-25T04:21:00Z,95.92250061035156,95.92250061035156,95.91200256347656,95.92250061035156,0.0,yahoo,USDINR=X
2026-09-25T04:22:00Z,95.91000366210938,95.92500305175781,95.91000366210938,95.92500305175781,0.0,yahoo,USDINR=X
2026-09-25T04:23:00Z,95.91999816894531,95.92749786376953,95.91000366210938,95.92250061035156,0.0,yahoo,USDINR=X
2026-09-25T04:24:00Z,95.91999816894531,95.92749786376953,95.91000366210938,95.92749786376953,0.0,yahoo,USDINR=X
2026-09-25T04:25:00Z,95.92500305175781,95.9749984741211,95.92250061035156,95.92250061035156,0.0,yahoo,USDINR=X
2026-09-25T04:26:00Z,95.92500305175781,95.92749786376953,95.91000366210938,95.91000366210938,0.0,yahoo,USDINR=X
2026-09-25T04:27:00Z,95.92250061035156,95.92500305175781,95.92250061035156,95.92500305175781,0.0,yahoo,USDINR=X
2026-09-25T04:28:00Z,95.92250061035156,95.92749786376953,95.91799926757812,95.92500305175781,0.0,yahoo,USDINR=X
2026-09-25T04:29:00Z,95.92500305175781,95.93000030517578,95.91500091552734,95.92500305175781,0.0,yahoo,USDINR=X
2026-09-25T04:30:00Z,95.92749786376953,95.92749786376953,95.91999816894531,95.92500305175781,0.0,yahoo,USDINR=X
2026-09-25T04:31:00Z,95.92250061035156,95.92500305175781,95.91799926757812,95.92500305175781,0.0,yahoo,USDINR=X
2026-09-25T04:32:00Z,95.91999816894531,95.92250061035156,95.91000366210938,95.9175033569336,0.0,yahoo,USDINR=X
2026-09-25T04:33:00Z,95.91500091552734,95.91999816894531,95.91000366210938,95.9175033569336,0.0,yahoo,USDINR=X
2026-09-25T04:34:00Z,95.91500091552734,95.91500091552734,95.90499877929688,95.91000366210938,0.0,yahoo,USDINR=X
2026-09-25T04:35:00Z,95.9020004272461,95.91500091552734,95.9000015258789,95.91500091552734,0.0,yahoo,USDINR=X
2026-09-25T04:36:00Z,95.9124984741211,95.91999816894531,95.9124984741211,95.91999816894531,0.0,yahoo,USDINR=X
2026-09-25T04:37:00Z,95.92250061035156,95.92250061035156,95.9000015258789,95.91999816894531,0.0,yahoo,USDINR=X
2026-09-25T04:38:00Z,95.90799713134766,95.92250061035156,95.90799713134766,95.91200256347656,0.0,yahoo,USDINR=X
2026-09-25T04:39:00Z,95.91999816894531,95.92250061035156,95.91500091552734,95.91500091552734,0.0,yahoo,USDINR=X
2026-09-25T04:40:00Z,95.91000366210938,95.92250061035156,95.91000366210938,95.91000366210938,0.0,yahoo,USDINR=X
2026-09-25T04:41:00Z,95.9175033569336,95.91999816894531,95.91000366210938,95.91500091552734,0.0,yahoo,USDINR=X
2026-09-25T04:42:00Z,95.9124984741211,95.9124984741211,95.90750122070312,95.9124984741211,0.0,yahoo,USDINR=X
2026-09-25T04:43:00Z,95.91000366210938,95.9124984741211,95.91000366210938,95.9124984741211,0.0,yahoo,USDINR=X
2026-09-25T04:44:00Z,95.91000366210938,95.9175033569336,95.90799713134766,95.90799713134766,0.0,yahoo,USDINR=X
2026-09-25T04:45:00Z,95.91500091552734,95.91999816894531,95.90499877929688,95.9175033569336,0.0,yahoo,USDINR=X
2026-09-25T04:46:00Z,95.91500091552734,95.91999816894531,95.9020004272461,95.9124984741211,0.0,yahoo,USDINR=X
2026-09-25T04:47:00Z,95.9175033569336,95.91999816894531,95.90799713134766,95.9124984741211,0.0,yahoo,USDINR=X
2026-09-25T04:48:00Z,95.91500091552734,95.9175033569336,95.91000366210938,95.91000366210938,0.0,yahoo,USDINR=X
2026-09-25T04:49:00Z,95.9124984741211,95.9175033569336,95.90499877929688,95.9175033569336,0.0,yahoo,USDINR=X
2026-09-25T04:50:00Z,95.91999816894531,95.92500305175781,95.90499877929688,95.92500305175781,0.0,yahoo,USDINR=X
2026-09-25T04:51:00Z,95.92250061035156,95.92500305175781,95.91000366210938,95.9175033569336,0.0,yahoo,USDINR=X
2026-09-25T04:52:00Z,95.91999816894531,95.91999816894531,95.91000366210938,95.91000366210938,0.0,yahoo,USDINR=X
2026-09-25T04:53:00Z,95.91500091552734,95.9175033569336,95.91000366210938,95.91500091552734,0.0,yahoo,USDINR=X
2026-09-25T04:54:00Z,95.9175033569336,95.9175033569336,95.91500091552734,95.91500091552734,0.0,yahoo,USDINR=X
2026-09-25T04:55:00Z,95.91500091552734,95.9175033569336,95.9000015258789,95.91000366210938,0.0,yahoo,USDINR=X
2026-09-25T04:56:00Z,95.91500091552734,95.9175033569336,95.9124984741211,95.91500091552734,0.0,yahoo,USDINR=X
2026-09-25T04:57:00Z,95.9175033569336,95.9175033569336,95.90499877929688,95.9124984741211,0.0,yahoo,USDINR=X
2026-09-25T04:58:00Z,95.90499877929688,95.91999816894531,95.90499877929688,95.90499877929688,0.0,yahoo,USDINR=X
2026-09-25T04:59:00Z,95.9175033569336,95.91999816894531,95.91500091552734,95.9175033569336,0.0,yahoo,USDINR=X
2026-09-25T05:00:00Z,95.91500091552734,95.92250061035156,95.91500091552734,95.91999816894531,0.0,yahoo,USDINR=X
2026-09-25T05:01:00Z,95.92250061035156,95.92250061035156,95.90799713134766,95.91999816894531,0.0,yahoo,USDINR=X
2026-09-25T05:02:00Z,95.9175033569336,95.91999816894531,95.90799713134766,95.9175033569336,0.0,yahoo,USDINR=X
2026-09-25T05:03:00Z,95.9175033569336,95.9175033569336,95.90799713134766,95.91000366210938,0.0,yahoo,USDINR=X
2026-09-25T05:04:00Z,95.91000366210938,95.91999816894531,95.90499877929688,95.90499877929688,0.0,yahoo,USDINR=X
2026-09-25T05:05:00Z,95.90499877929688,95.91999816894531,95.90499877929688,95.9175033569336,0.0,yahoo,USDINR=X
2026-09-25T05:06:00Z,95.91500091552734,95.91999816894531,95.91500091552734,95.9175033569336,0.0,yahoo,USDINR=X
2026-09-25T05:07:00Z,95.9124984741211,95.91999816894531,95.91000366210938,95.91500091552734,0.0,yahoo,USDINR=X
2026-09-25T05:08:00Z,95.9124984741211,95.91500091552734,95.9124984741211,95.9124984741211,0.0,yahoo,USDINR=X
2026-09-25T05:09:00Z,95.90799713134766,95.9124984741211,95.90750122070312,95.91000366210938,0.0,yahoo,USDINR=X
2026-09-25T05:10:00Z,95.90750122070312,95.91000366210938,95.90499877929688,95.90750122070312,0.0,yahoo,USDINR=X
2026-09-25T05:11:00Z,95.90499877929688,95.91000366210938,95.90499877929688,95.91000366210938,0.0,yahoo,USDINR=X
2026-09-25T05:12:00Z,95.90499877929688,95.91000366210938,95.89700317382812,95.91000366210938,0.0,yahoo,USDINR=X
2026-09-25T05:13:00Z,95.90750122070312,95.9124984741211,95.90750122070312,95.91000366210938,0.0,yahoo,USDINR=X
2026-09-25T05:14:00Z,95.90750122070312,95.9124984741211,95.9000015258789,95.91000366210938,0.0,yahoo,USDINR=X
2026-09-25T05:15:00Z,95.91000366210938,95.91000366210938,95.90499877929688,95.90750122070312,0.0,yahoo,USDINR=X
2026-09-25T05:16:00Z,95.90499877929688,95.90750122070312,95.88999938964844,95.90499877929688,0.0,yahoo,USDINR=X
2026-09-25T05:17:00Z,95.89749908447266,95.90499877929688,95.89250183105469,95.9000015258789,0.0,yahoo,USDINR=X
2026-09-25T05:18:00Z,95.90249633789062,95.90249633789062,95.87999725341797,95.89749908447266,0.0,yahoo,USDINR=X
2026-09-25T05:19:00Z,95.88999938964844,95.90249633789062,95.88999938964844,95.88999938964844,0.0,yahoo,USDINR=X
2026-09-25T05:20:00Z,95.89250183105469,95.8949966430664,95.87999725341797,95.8949966430664,0.0,yahoo,USDINR=X
2026-09-25T05:21:00Z,95.87999725341797,95.89250183105469,95.87999725341797,95.88500213623047,0.0,yahoo,USDINR=X
2026-09-25T05:22:00Z,95.88249969482422,95.88749694824219,95.87000274658203,95.87750244140625,0.0,yahoo,USDINR=X
2026-09-25T05:23:00Z,95.87999725341797,95.88500213623047,95.87999725341797,95.88249969482422,0.0,yahoo,USDINR=X
2026-09-25T05:24:00Z,95.88749694824219,95.89250183105469,95.87999725341797,95.87999725341797,0.0,yahoo,USDINR=X
2026-09-25T05:25:00Z,95.87200164794922,95.88999938964844,95.87200164794922,95.88249969482422,0.0,yahoo,USDINR=X
2026-09-25T05:26:00Z,95.87999725341797,95.88749694824219,95.87200164794922,95.875,0.0,yahoo,USDINR=X
2026-09-25T05:27:00Z,95.88249969482422,95.88500213623047,95.875,95.875,0.0,yahoo,USDINR=X
2026-09-25T05:28:00Z,95.875,95.87750244140625,95.87249755859375,95.87750244140625,0.0,yahoo,USDINR=X
2026-09-25T05:29:00Z,95.87200164794922,95.88249969482422,95.86799621582031,95.87750244140625,0.0,yahoo,USDINR=X
2026-09-25T05:30:00Z,95.875,95.87750244140625,95.86499786376953,95.875,0.0,yahoo,USDINR=X
2026-09-25T05:31:00Z,95.875,95.875,95.87000274658203,95.87249755859375,0.0,yahoo,USDINR=X
2026-09-25T05:32:00Z,95.87000274658203,95.87249755859375,95.86000061035156,95.86000061035156,0.0,yahoo,USDINR=X
2026-09-25T05:33:00Z,95.86750030517578,95.86750030517578,95.85250091552734,95.85250091552734,0.0,yahoo,USDINR=X
2026-09-25T05:34:00Z,95.8499984741211,95.86000061035156,95.8499984741211,95.86000061035156,0.0,yahoo,USDINR=X
2026-09-25T05:35:00Z,95.86000061035156,95.86250305175781,95.8479995727539,95.86000061035156,0.0,yahoo,USDINR=X
2026-09-25T05:36:00Z,95.8499984741211,95.86000061035156,95.8479995727539,95.85250091552734,0.0,yahoo,USDINR=X
2026-09-25T05:37:00Z,95.8499984741211,95.85749816894531,95.83999633789062,95.85749816894531,0.0,yahoo,USDINR=X
2026-09-25T05:38:00Z,95.8499984741211,95.85749816894531,95.84200286865234,95.8550033569336,0.0,yahoo,USDINR=X
2026-09-25T05:39:00Z,95.85250091552734,95.85250091552734,95.84249877929688,95.8479995727539,0.0,yahoo,USDINR=X
2026-09-25T05:40:00Z,95.83999633789062,95.8499984741211,95.83999633789062,95.84500122070312,0.0,yahoo,USDINR=X
2026-09-25T05:41:00Z,95.84750366210938,95.84750366210938,95.83499908447266,95.84750366210938,0.0,yahoo,USDINR=X
2026-09-25T05:42:00Z,95.83799743652344,95.85250091552734,95.83799743652344,95.85250091552734,0.0,yahoo,USDINR=X
2026-09-25T05:43:00Z,95.8499984741211,95.8550033569336,95.83799743652344,95.8499984741211,0.0,yahoo,USDINR=X
2026-09-25T05:44:00Z,95.84750366210938,95.85250091552734,95.83999633789062,95.8499984741211,0.0,yahoo,USDINR=X
2026-09-25T05:45:00Z,95.85250091552734,95.85250091552734,95.83499908447266,95.84500122070312,0.0,yahoo,USDINR=X
2026-09-25T05:46:00Z,95.84750366210938,95.85250091552734,95.83799743652344,95.83799743652344,0.0,yahoo,USDINR=X
2026-09-25T05:47:00Z,95.8499984741211,95.85250091552734,95.84750366210938,95.84750366210938,0.0,yahoo,USDINR=X
2026-09-25T05:48:00Z,95.84750366210938,95.8499984741211,95.83499908447266,95.84249877929688,0.0,yahoo,USDINR=X
2026-09-25T05:49:00Z,95.84500122070312,95.84500122070312,95.83200073242188,95.83200073242188,0.0,yahoo,USDINR=X
2026-09-25T05:50:00Z,95.83999633789062,95.84249877929688,95.83000183105469,95.83499908447266,0.0,yahoo,USDINR=X
2026-09-25T05:51:00Z,95.83499908447266,95.8375015258789,95.83000183105469,95.83000183105469,0.0,yahoo,USDINR=X
2026-09-25T05:52:00Z,95.8324966430664,95.8375015258789,95.82499694824219,95.83499908447266,0.0,yahoo,USDINR=X
2026-09-25T05:53:00Z,95.8375015258789,95.84500122070312,95.8375015258789,95.84500122070312,0.0,yahoo,USDINR=X
2026-09-25T05:54:00Z,95.82499694824219,95.84249877929688,95.82499694824219,95.84249877929688,0.0,yahoo,USDINR=X
2026-09-25T05:55:00Z,95.83999633789062,95.84500122070312,95.83499908447266,95.83999633789062,0.0,yahoo,USDINR=X
2026-09-25T05:56:00Z,95.84500122070312,95.8499984741211,95.83200073242188,95.84750366210938,0.0,yahoo,USDINR=X
2026-09-25T05:57:00Z,95.8499984741211,95.8499984741211,95.83499908447266,95.84750366210938,0.0,yahoo,USDINR=X
2026-09-25T05:58:00Z,95.8499984741211,95.85749816894531,95.83999633789062,95.8499984741211,0.0,yahoo,USDINR=X
2026-09-25T05:59:00Z,95.85250091552734,95.8550033569336,95.8479995727539,95.8550033569336,0.0,yahoo,USDINR=X
2026-09-25T06:00:00Z,95.84500122070312,95.86499786376953,95.84500122070312,95.86499786376953,0.0,yahoo,USDINR=X
2026-09-25T06:01:00Z,95.86750030517578,95.86750030517578,95.85299682617188,95.86250305175781,0.0,yahoo,USDINR=X
2026-09-25T06:02:00Z,95.86499786376953,95.86499786376953,95.85250091552734,95.86000061035156,0.0,yahoo,USDINR=X
2026-09-25T06:03:00Z,95.86250305175781,95.86250305175781,95.84249877929688,95.84750366210938,0.0,yahoo,USDINR=X
2026-09-25T06:04:00Z,95.8499984741211,95.8499984741211,95.83499908447266,95.83499908447266,0.0,yahoo,USDINR=X
2026-09-25T06:05:00Z,95.8324966430664,95.84750366210938,95.83000183105469,95.84750366210938,0.0,yahoo,USDINR=X
2026-09-25T06:06:00Z,95.8499984741211,95.86250305175781,95.83000183105469,95.86250305175781,0.0,yahoo,USDINR=X
2026-09-25T06:07:00Z,95.86499786376953,95.87249755859375,95.86499786376953,95.87000274658203,0.0,yahoo,USDINR=X
2026-09-25T06:08:00Z,95.87249755859375,95.87750244140625,95.83999633789062,95.87750244140625,0.0,yahoo,USDINR=X
2026-09-25T06:09:00Z,95.87999725341797,95.88249969482422,95.87750244140625,95.87999725341797,0.0,yahoo,USDINR=X
2026-09-25T06:10:00Z,95.88249969482422,95.88500213623047,95.86000061035156,95.875,0.0,yahoo,USDINR=X
2026-09-25T06:11:00Z,95.87750244140625,95.88249969482422,95.87000274658203,95.87999725341797,0.0,yahoo,USDINR=X
2026-09-25T06:12:00Z,95.88500213623047,95.88500213623047,95.86000061035156,95.88500213623047,0.0,yahoo,USDINR=X
2026-09-25T06:13:00Z,95.88249969482422,95.88999938964844,95.875,95.88500213623047,0.0,yahoo,USDINR=X
2026-09-25T06:14:00Z,95.88749694824219,95.88749694824219,95.875,95.87999725341797,0.0,yahoo,USDINR=X
2026-09-25T06:15:00Z,95.88749694824219,95.88749694824219,95.87799835205078,95.88249969482422,0.0,yahoo,USDINR=X
2026-09-25T06:16:00Z,95.87750244140625,95.87999725341797,95.875,95.87999725341797,0.0,yahoo,USDINR=X
2026-09-25T06:17:00Z,95.86499786376953,95.87750244140625,95.86499786376953,95.87249755859375,0.0,yahoo,USDINR=X
2026-09-25T06:18:00Z,95.875,95.88500213623047,95.86499786376953,95.88500213623047,0.0,yahoo,USDINR=X
2026-09-25T06:19:00Z,95.88249969482422,95.88749694824219,95.87200164794922,95.87200164794922,0.0,yahoo,USDINR=X
2026-09-25T06:20:00Z,95.88749694824219,95.88749694824219,95.87000274658203,95.88500213623047,0.0,yahoo,USDINR=X
2026-09-25T06:21:00Z,95.875,95.88749694824219,95.875,95.88500213623047,0.0,yahoo,USDINR=X
2026-09-25T06:22:00Z,95.88749694824219,95.88999938964844,95.875,95.88749694824219,0.0,yahoo,USDINR=X
2026-09-25T06:23:00Z,95.87999725341797,95.88999938964844,95.87999725341797,95.88749694824219,0.0,yahoo,USDINR=X
2026-09-25T06:24:00Z,95.88500213623047,95.88999938964844,95.87999725341797,95.88749694824219,0.0,yahoo,USDINR=X
2026-09-25T06:25:00Z,95.88999938964844,95.88999938964844,95.875,95.88749694824219,0.0,yahoo,USDINR=X
2026-09-25T06:26:00Z,95.88500213623047,95.88749694824219,95.875,95.88500213623047,0.0,yahoo,USDINR=X
2026-09-25T06:27:00Z,95.88249969482422,95.88500213623047,95.87750244140625,95.87999725341797,0.0,yahoo,USDINR=X
2026-09-25T06:28:00Z,95.88249969482422,95.88249969482422,95.86799621582031,95.87999725341797,0.0,yahoo,USDINR=X
2026-09-25T06:29:00Z,95.87999725341797,95.88500213623047,95.87999725341797,95.88500213623047,0.0,yahoo,USDINR=X
2026-09-25T06:30:00Z,95.88749694824219,95.88749694824219,95.87000274658203,95.88500213623047,0.0,yahoo,USDINR=X
2026-09-25T06:31:00Z,95.88749694824219,95.89250183105469,95.87799835205078,95.88749694824219,0.0,yahoo,USDINR=X
2026-09-25T06:32:00Z,95.87999725341797,95.89250183105469,95.87999725341797,95.88749694824219,0.0,yahoo,USDINR=X
2026-09-25T06:33:00Z,95.88999938964844,95.89250183105469,95.87799835205078,95.88999938964844,0.0,yahoo,USDINR=X
2026-09-25T06:34:00Z,95.89250183105469,95.8949966430664,95.87999725341797,95.88999938964844,0.0,yahoo,USDINR=X
2026-09-25T06:35:00Z,95.89250183105469,95.89250183105469,95.88749694824219,95.88749694824219,0.0,yahoo,USDINR=X
2026-09-25T06:36:00Z,95.88500213623047,95.88999938964844,95.88249969482422,95.88500213623047,0.0,yahoo,USDINR=X
2026-09-25T06:37:00Z,95.88500213623047,95.88749694824219,95.87999725341797,95.88749694824219,0.0,yahoo,USDINR=X
2026-09-25T06:38:00Z,95.88249969482422,95.89250183105469,95.88249969482422,95.88999938964844,0.0,yahoo,USDINR=X
2026-09-25T06:39:00Z,95.88249969482422,95.89250183105469,95.87999725341797,95.88500213623047,0.0,yahoo,USDINR=X
2026-09-25T06:40:00Z,95.88749694824219,95.88999938964844,95.87999725341797,95.87999725341797,0.0,yahoo,USDINR=X
2026-09-25T06:41:00Z,95.87999725341797,95.89250183105469,95.87999725341797,95.88999938964844,0.0,yahoo,USDINR=X
2026-09-25T06:42:00Z,95.89250183105469,95.89250183105469,95.88200378417969,95.88749694824219,0.0,yahoo,USDINR=X
2026-09-25T06:43:00Z,95.88749694824219,95.88999938964844,95.87999725341797,95.88999938964844,0.0,yahoo,USDINR=X
2026-09-25T06:44:00Z,95.88749694824219,95.8949966430664,95.87799835205078,95.8949966430664,0.0,yahoo,USDINR=X
2026-09-25T06:45:00Z,95.88200378417969,95.8949966430664,95.88200378417969,95.8949966430664,0.0,yahoo,USDINR=X
2026-09-25T06:46:00Z,95.89250183105469,95.8949966430664,95.88749694824219,95.88999938964844,0.0,yahoo,USDINR=X
2026-09-25T06:47:00Z,95.88749694824219,95.89250183105469,95.88749694824219,95.88999938964844,0.0,yahoo,USDINR=X
2026-09-25T06:48:00Z,95.89250183105469,95.8949966430664,95.87999725341797,95.89250183105469,0.0,yahoo,USDINR=X
2026-09-25T06:49:00Z,95.88200378417969,95.89749908447266,95.88200378417969,95.89749908447266,0.0,yahoo,USDINR=X
2026-09-25T06:50:00Z,95.8949966430664,95.90499877929688,95.8949966430664,95.90499877929688,0.0,yahoo,USDINR=X
2026-09-25T06:51:00Z,95.90750122070312,95.90750122070312,95.87999725341797,95.9000015258789,0.0,yahoo,USDINR=X
2026-09-25T06:52:00Z,95.90249633789062,95.90249633789062,95.89299774169922,95.89749908447266,0.0,yahoo,USDINR=X
2026-09-25T06:53:00Z,95.9000015258789,95.90249633789062,95.88999938964844,95.9000015258789,0.0,yahoo,USDINR=X
2026-09-25T06:54:00Z,95.9000015258789,95.90249633789062,95.88700103759766,95.9000015258789,0.0,yahoo,USDINR=X
2026-09-25T06:55:00Z,95.90249633789062,95.90249633789062,95.88999938964844,95.90249633789062,0.0,yahoo,USDINR=X
2026-09-25T06:56:00Z,95.9000015258789,95.90249633789062,95.88999938964844,95.9000015258789,0.0,yahoo,USDINR=X
2026-09-25T06:57:00Z,95.90499877929688,95.90499877929688,95.9000015258789,95.90249633789062,0.0,yahoo,USDINR=X
2026-09-25T06:58:00Z,95.88999938964844,95.90249633789062,95.88999938964844,95.89749908447266,0.0,yahoo,USDINR=X
2026-09-25T06:59:00Z,95.9000015258789,95.9000015258789,95.8949966430664,95.8949966430664,0.0,yahoo,USDINR=X
2026-09-25T07:00:00Z,95.89299774169922,95.89749908447266,95.87999725341797,95.88500213623047,0.0,yahoo,USDINR=X
2026-09-25T07:01:00Z,95.88999938964844,95.8949966430664,95.88999938964844,95.88999938964844,0.0,yahoo,USDINR=X
2026-09-25T07:02:00Z,95.8949966430664,95.8949966430664,95.88200378417969,95.89250183105469,0.0,yahoo,USDINR=X
2026-09-25T07:03:00Z,95.88999938964844,95.8949966430664,95.87999725341797,95.89250183105469,0.0,yahoo,USDINR=X
2026-09-25T07:04:00Z,95.8949966430664,95.8949966430664,95.88200378417969,95.89250183105469,0.0,yahoo,USDINR=X
2026-09-25T07:05:00Z,95.8949966430664,95.89749908447266,95.87999725341797,95.8949966430664,0.0,yahoo,USDINR=X
2026-09-25T07:06:00Z,95.89749908447266,95.9000015258789,95.8949966430664,95.9000015258789,0.0,yahoo,USDINR=X
2026-09-25T07:07:00Z,95.89749908447266,95.89749908447266,95.88700103759766,95.88700103759766,0.0,yahoo,USDINR=X
2026-09-25T07:08:00Z,95.88999938964844,95.88999938964844,95.88200378417969,95.88200378417969,0.0,yahoo,USDINR=X
2026-09-25T07:09:00Z,95.87999725341797,95.88999938964844,95.87999725341797,95.88999938964844,0.0,yahoo,USDINR=X
2026-09-25T07:10:00Z,95.89250183105469,95.89749908447266,95.88200378417969,95.88500213623047,0.0,yahoo,USDINR=X
2026-09-25T07:11:00Z,95.89749908447266,95.89749908447266,95.88700103759766,95.89749908447266,0.0,yahoo,USDINR=X
2026-09-25T07:12:00Z,95.89749908447266,95.89749908447266,95.88999938964844,95.89250183105469,0.0,yahoo,USDINR=X
2026-09-25T07:13:00Z,95.89250183105469,95.9000015258789,95.88999938964844,95.88999938964844,0.0,yahoo,USDINR=X
2026-09-25T07:14:00Z,95.89250183105469,95.89749908447266,95.88500213623047,95.88999938964844,0.0,yahoo,USDINR=X
2026-09-25T07:15:00Z,95.89749908447266,95.89749908447266,95.88999938964844,95.89250183105469,0.0,yahoo,USDINR=X
2026-09-25T07:16:00Z,95.88999938964844,95.9000015258789,95.88700103759766,95.89749908447266,0.0,yahoo,USDINR=X
2026-09-25T07:17:00Z,95.9000015258789,95.90249633789062,95.88999938964844,95.89749908447266,0.0,yahoo,USDINR=X
2026-09-25T07:18:00Z,95.90249633789062,95.90249633789062,95.89749908447266,95.89749908447266,0.0,yahoo,USDINR=X
2026-09-25T07:19:00Z,95.9000015258789,95.90249633789062,95.88999938964844,95.9000015258789,0.0,yahoo,USDINR=X
2026-09-25T07:20:00Z,95.9000015258789,95.90499877929688,95.88999938964844,95.90249633789062,0.0,yahoo,USDINR=X
2026-09-25T07:21:00Z,95.90499877929688,95.9124984741211,95.88999938964844,95.88999938964844,0.0,yahoo,USDINR=X
2026-09-25T07:22:00Z,95.91000366210938,95.91500091552734,95.9020004272461,95.90499877929688,0.0,yahoo,USDINR=X
2026-09-25T07:23:00Z,95.91500091552734,95.9175033569336,95.9020004272461,95.91500091552734,0.0,yahoo,USDINR=X
2026-09-25T07:24:00Z,95.91500091552734,95.91999816894531,95.91500091552734,95.91500091552734,0.0,yahoo,USDINR=X
2026-09-25T07:25:00Z,95.9175033569336,95.92250061035156,95.90499877929688,95.91999816894531,0.0,yahoo,USDINR=X
2026-09-25T07:26:00Z,95.9175033569336,95.91999816894531,95.91000366210938,95.9175033569336,0.0,yahoo,USDINR=X
2026-09-25T07:27:00Z,95.91500091552734,95.9175033569336,95.9124984741211,95.91500091552734,0.0,yahoo,USDINR=X
2026-09-25T07:28:00Z,95.9175033569336,95.9175033569336,95.91000366210938,95.91000366210938,0.0,yahoo,USDINR=X
2026-09-25T07:29:00Z,95.9000015258789,95.9124984741211,95.9000015258789,95.9124984741211,0.0,yahoo,USDINR=X
2026-09-25T07:30:00Z,95.91000366210938,95.9124984741211,95.89749908447266,95.89749908447266,0.0,yahoo,USDINR=X
2026-09-25T07:31:00Z,95.89250183105469,95.9000015258789,95.88700103759766,95.88999938964844,0.0,yahoo,USDINR=X
2026-09-25T07:32:00Z,95.90249633789062,95.90249633789062,95.89749908447266,95.89749908447266,0.0,yahoo,USDINR=X
2026-09-25T07:33:00Z,95.90499877929688,95.90499877929688,95.88999938964844,95.89749908447266,0.0,yahoo,USDINR=X
2026-09-25T07:34:00Z,95.88999938964844,95.9000015258789,95.88999938964844,95.89749908447266,0.0,yahoo,USDINR=X
2026-09-25T07:35:00Z,95.9000015258789,95.9000015258789,95.8949966430664,95.8949966430664,0.0,yahoo,USDINR=X
2026-09-25T07:36:00Z,95.8949966430664,95.89749908447266,95.88700103759766,95.88999938964844,0.0,yahoo,USDINR=X
2026-09-25T07:37:00Z,95.8949966430664,95.8949966430664,95.88749694824219,95.88749694824219,0.0,yahoo,USDINR=X
2026-09-25T07:38:00Z,95.88999938964844,95.88999938964844,95.88500213623047,95.88749694824219,0.0,yahoo,USDINR=X
2026-09-25T07:39:00Z,95.88500213623047,95.88749694824219,95.88500213623047,95.88749694824219,0.0,yahoo,USDINR=X
2026-09-25T07:40:00Z,95.88249969482422,95.88749694824219,95.87000274658203,95.87799835205078,0.0,yahoo,USDINR=X
2026-09-25T07:41:00Z,95.875,95.875,95.86799621582031,95.86799621582031,0.0,yahoo,USDINR=X
2026-09-25T07:42:00Z,95.87000274658203,95.87249755859375,95.85250091552734,95.85250091552734,0.0,yahoo,USDINR=X
2026-09-25T07:43:00Z,95.8499984741211,95.85749816894531,95.8499984741211,95.8499984741211,0.0,yahoo,USDINR=X
2026-09-25T07:44:00Z,95.8499984741211,95.85250091552734,95.83999633789062,95.84500122070312,0.0,yahoo,USDINR=X
2026-09-25T07:45:00Z,95.84750366210938,95.85250091552734,95.83000183105469,95.8499984741211,0.0,yahoo,USDINR=X
2026-09-25T07:46:00Z,95.8550033569336,95.8550033569336,95.8499984741211,95.8499984741211,0.0,yahoo,USDINR=X
2026-09-25T07:47:00Z,95.8499984741211,95.8550033569336,95.83999633789062,95.85250091552734,0.0,yahoo,USDINR=X
2026-09-25T07:48:00Z,95.85749816894531,95.86000061035156,95.84500122070312,95.86000061035156,0.0,yahoo,USDINR=X
2026-09-25T07:49:00Z,95.85749816894531,95.86250305175781,95.8499984741211,95.86250305175781,0.0,yahoo,USDINR=X
2026-09-25T07:50:00Z,95.86000061035156,95.86250305175781,95.8499984741211,95.86000061035156,0.0,yahoo,USDINR=X
2026-09-25T07:51:00Z,95.85299682617188,95.86250305175781,95.8499984741211,95.86250305175781,0.0,yahoo,USDINR=X
2026-09-25T07:52:00Z,95.8499984741211,95.86750030517578,95.8499984741211,95.86000061035156,0.0,yahoo,USDINR=X
2026-09-25T07:53:00Z,95.86250305175781,95.86499786376953,95.85250091552734,95.85250091552734,0.0,yahoo,USDINR=X
2026-09-25T07:54:00Z,95.85250091552734,95.8550033569336,95.8499984741211,95.8499984741211,0.0,yahoo,USDINR=X
2026-09-25T07:55:00Z,95.8499984741211,95.85250091552734,95.84750366210938,95.8499984741211,0.0,yahoo,USDINR=X
2026-09-25T07:56:00Z,95.8499984741211,95.85250091552734,95.83999633789062,95.83999633789062,0.0,yahoo,USDINR=X
2026-09-25T07:57:00Z,95.8550033569336,95.8550033569336,95.83999633789062,95.85250091552734,0.0,yahoo,USDINR=X
2026-09-25T07:58:00Z,95.84249877929688,95.8499984741211,95.82499694824219,95.83000183105469,0.0,yahoo,USDINR=X
2026-09-25T07:59:00Z,95.83000183105469,95.83499908447266,95.822998046875,95.83000183105469,0.0,yahoo,USDINR=X
2026-09-25T08:00:00Z,95.8375015258789,95.8499984741211,95.81999969482422,95.83000183105469,0.0,yahoo,USDINR=X
2026-09-25T08:01:00Z,95.84249877929688,95.8499984741211,95.83200073242188,95.83999633789062,0.0,yahoo,USDINR=X
2026-09-25T08:02:00Z,95.83799743652344,95.84500122070312,95.83200073242188,95.83999633789062,0.0,yahoo,USDINR=X
2026-09-25T08:03:00Z,95.84249877929688,95.84500122070312,95.83000183105469,95.83999633789062,0.0,yahoo,USDINR=X
2026-09-25T08:04:00Z,95.84249877929688,95.84500122070312,95.83999633789062,95.84500122070312,0.0,yahoo,USDINR=X
2026-09-25T08:05:00Z,95.84249877929688,95.84500122070312,95.83000183105469,95.83999633789062,0.0,yahoo,USDINR=X
2026-09-25T08:06:00Z,95.83999633789062,95.83999633789062,95.83000183105469,95.83499908447266,0.0,yahoo,USDINR=X
2026-09-25T08:07:00Z,95.8375015258789,95.8375015258789,95.81999969482422,95.83499908447266,0.0,yahoo,USDINR=X
2026-09-25T08:08:00Z,95.83000183105469,95.8324966430664,95.82250213623047,95.82250213623047,0.0,yahoo,USDINR=X
2026-09-25T08:09:00Z,95.83000183105469,95.83000183105469,95.81700134277344,95.81700134277344,0.0,yahoo,USDINR=X
2026-09-25T08:10:00Z,95.8324966430664,95.8324966430664,95.80750274658203,95.80999755859375,0.0,yahoo,USDINR=X
2026-09-25T08:11:00Z,95.80500030517578,95.80999755859375,95.79499816894531,95.7979965209961,0.0,yahoo,USDINR=X
2026-09-25T08:12:00Z,95.80999755859375,95.84249877929688,95.79299926757812,95.81500244140625,0.0,yahoo,USDINR=X
2026-09-25T08:13:00Z,95.80000305175781,95.81500244140625,95.80000305175781,95.81500244140625,0.0,yahoo,USDINR=X
2026-09-25T08:14:00Z,95.80999755859375,95.81500244140625,95.802001953125,95.80500030517578,0.0,yahoo,USDINR=X
2026-09-25T08:15:00Z,95.8125,95.81749725341797,95.7979965209961,95.81749725341797,0.0,yahoo,USDINR=X
2026-09-25T08:16:00Z,95.81999969482422,95.82749938964844,95.81749725341797,95.82749938964844,0.0,yahoo,USDINR=X
2026-09-25T08:17:00Z,95.82499694824219,95.83000183105469,95.82499694824219,95.83000183105469,0.0,yahoo,USDINR=X
2026-09-25T08:18:00Z,95.802001953125,95.83499908447266,95.802001953125,95.83499908447266,0.0,yahoo,USDINR=X
2026-09-25T08:19:00Z,95.8324966430664,95.83499908447266,95.83000183105469,95.83499908447266,0.0,yahoo,USDINR=X
2026-09-25T08:20:00Z,95.83000183105469,95.83000183105469,95.81749725341797,95.81999969482422,0.0,yahoo,USDINR=X
2026-09-25T08:21:00Z,95.81999969482422,95.82499694824219,95.80999755859375,95.81500244140625,0.0,yahoo,USDINR=X
2026-09-25T08:22:00Z,95.81749725341797,95.81999969482422,95.8125,95.81999969482422,0.0,yahoo,USDINR=X
2026-09-25T08:23:00Z,95.81500244140625,95.81749725341797,95.80500030517578,95.80500030517578,0.0,yahoo,USDINR=X
2026-09-25T08:24:00Z,95.81500244140625,95.81999969482422,95.80999755859375,95.80999755859375,0.0,yahoo,USDINR=X
2026-09-25T08:25:00Z,95.82250213623047,95.82499694824219,95.81749725341797,95.81999969482422,0.0,yahoo,USDINR=X
2026-09-25T08:26:00Z,95.82499694824219,95.82499694824219,95.81999969482422,95.82250213623047,0.0,yahoo,USDINR=X
2026-09-25T08:27:00Z,95.80799865722656,95.82749938964844,95.80799865722656,95.82250213623047,0.0,yahoo,USDINR=X
2026-09-25T08:28:00Z,95.80999755859375,95.84249877929688,95.80999755859375,95.84249877929688,0.0,yahoo,USDINR=X
2026-09-25T08:29:00Z,95.84249877929688,95.84249877929688,95.8375015258789,95.8375015258789,0.0,yahoo,USDINR=X
2026-09-25T08:30:00Z,95.83999633789062,95.83999633789062,95.83000183105469,95.8375015258789,0.0,yahoo,USDINR=X
2026-09-25T08:31:00Z,95.83000183105469,95.83999633789062,95.8270034790039,95.8324966430664,0.0,yahoo,USDINR=X
2026-09-25T08:32:00Z,95.83999633789062,95.83999633789062,95.83000183105469,95.83999633789062,0.0,yahoo,USDINR=X
2026-09-25T08:33:00Z,95.84249877929688,95.84750366210938,95.8270034790039,95.84500122070312,0.0,yahoo,USDINR=X
2026-09-25T08:34:00Z,95.8499984741211,95.85250091552734,95.83799743652344,95.85250091552734,0.0,yahoo,USDINR=X
2026-09-25T08:35:00Z,95.85250091552734,95.85250091552734,95.83999633789062,95.85250091552734,0.0,yahoo,USDINR=X
2026-09-25T08:36:00Z,95.8499984741211,95.8550033569336,95.84200286865234,95.8550033569336,0.0,yahoo,USDINR=X
2026-09-25T08:37:00Z,95.85250091552734,95.8550033569336,95.83499908447266,95.8375015258789,0.0,yahoo,USDINR=X
2026-09-25T08:38:00Z,95.8324966430664,95.84200286865234,95.83000183105469,95.8375015258789,0.0,yahoo,USDINR=X
2026-09-25T08:39:00Z,95.84249877929688,95.85250091552734,95.822998046875,95.822998046875,0.0,yahoo,USDINR=X
2026-09-25T08:40:00Z,95.85250091552734,95.8550033569336,95.83999633789062,95.84750366210938,0.0,yahoo,USDINR=X
2026-09-25T08:41:00Z,95.8499984741211,95.85250091552734,95.84750366210938,95.85250091552734,0.0,yahoo,USDINR=X
2026-09-25T08:42:00Z,95.85250091552734,95.8550033569336,95.83499908447266,95.85250091552734,0.0,yahoo,USDINR=X
2026-09-25T08:43:00Z,95.84750366210938,95.85250091552734,95.83000183105469,95.83999633789062,0.0,yahoo,USDINR=X
2026-09-25T08:44:00Z,95.84249877929688,95.86499786376953,95.84249877929688,95.8499984741211,0.0,yahoo,USDINR=X
2026-09-25T08:45:00Z,95.84750366210938,95.8499984741211,95.83799743652344,95.84500122070312,0.0,yahoo,USDINR=X
2026-09-25T08:46:00Z,95.8270034790039,95.84500122070312,95.82499694824219,95.84249877929688,0.0,yahoo,USDINR=X
2026-09-25T08:47:00Z,95.83999633789062,95.84249877929688,95.80999755859375,95.80999755859375,0.0,yahoo,USDINR=X
2026-09-25T08:48:00Z,95.82749938964844,95.83000183105469,95.81999969482422,95.81999969482422,0.0,yahoo,USDINR=X
2026-09-25T08:49:00Z,95.80999755859375,95.83000183105469,95.80999755859375,95.83000183105469,0.0,yahoo,USDINR=X
2026-09-25T08:50:00Z,95.81300354003906,95.8375015258789,95.81300354003906,95.83499908447266,0.0,yahoo,USDINR=X
2026-09-25T08:51:00Z,95.8375015258789,95.83999633789062,95.81999969482422,95.83499908447266,0.0,yahoo,USDINR=X
2026-09-25T08:52:00Z,95.84249877929688,95.84249877929688,95.83000183105469,95.83000183105469,0.0,yahoo,USDINR=X
2026-09-25T08:53:00Z,95.83499908447266,95.84750366210938,95.82499694824219,95.83999633789062,0.0,yahoo,USDINR=X
2026-09-25T08:54:00Z,95.8499984741211,95.85250091552734,95.83799743652344,95.85250091552734,0.0,yahoo,USDINR=X
2026-09-25T08:55:00Z,95.8499984741211,95.85250091552734,95.83200073242188,95.84249877929688,0.0,yahoo,USDINR=X
2026-09-25T08:56:00Z,95.83499908447266,95.83799743652344,95.81999969482422,95.82499694824219,0.0,yahoo,USDINR=X
2026-09-25T08:57:00Z,95.8324966430664,95.8324966430664,95.80999755859375,95.81999969482422,0.0,yahoo,USDINR=X
2026-09-25T08:58:00Z,95.82250213623047,95.82749938964844,95.81300354003906,95.82499694824219,0.0,yahoo,USDINR=X
2026-09-25T08:59:00Z,95.83000183105469,95.83000183105469,95.81500244140625,95.81500244140625,0.0,yahoo,USDINR=X
2026-09-25T09:00:00Z,95.82749938964844,95.8324966430664,95.80999755859375,95.83000183105469,0.0,yahoo,USDINR=X
2026-09-25T09:01:00Z,95.82749938964844,95.82749938964844,95.82749938964844,95.82749938964844,0.0,yahoo,USDINR=X
2026-09-25T09:02:00Z,95.83000183105469,95.83499908447266,95.81300354003906,95.83499908447266,0.0,yahoo,USDINR=X
2026-09-25T09:03:00Z,95.82499694824219,95.82749938964844,95.82499694824219,95.82499694824219,0.0,yahoo,USDINR=X
2026-09-25T09:04:00Z,95.82250213623047,95.82250213623047,95.81500244140625,95.81500244140625,0.0,yahoo,USDINR=X
2026-09-25T09:05:00Z,95.8125,95.81999969482422,95.80750274658203,95.80999755859375,0.0,yahoo,USDINR=X
2026-09-25T09:06:00Z,95.8125,95.8125,95.80999755859375,95.80999755859375,0.0,yahoo,USDINR=X
2026-09-25T09:07:00Z,95.80000305175781,95.81999969482422,95.80000305175781,95.81749725341797,0.0,yahoo,USDINR=X
2026-09-25T09:08:00Z,95.81999969482422,95.82250213623047,95.80000305175781,95.82250213623047,0.0,yahoo,USDINR=X
2026-09-25T09:09:00Z,95.80999755859375,95.82499694824219,95.80999755859375,95.82250213623047,0.0,yahoo,USDINR=X
2026-09-25T09:10:00Z,95.81999969482422,95.8324966430664,95.81999969482422,95.83000183105469,0.0,yahoo,USDINR=X
2026-09-25T09:11:00Z,95.82749938964844,95.83000183105469,95.80999755859375,95.82749938964844,0.0,yahoo,USDINR=X
2026-09-25T09:12:00Z,95.82749938964844,95.82749938964844,95.81999969482422,95.82499694824219,0.0,yahoo,USDINR=X
2026-09-25T09:13:00Z,95.83000183105469,95.8324966430664,95.82749938964844,95.83000183105469,0.0,yahoo,USDINR=X
2026-09-25T09:14:00Z,95.80999755859375,95.8324966430664,95.80999755859375,95.81999969482422,0.0,yahoo,USDINR=X
2026-09-25T09:15:00Z,95.8324966430664,95.83499908447266,95.81999969482422,95.83000183105469,0.0,yahoo,USDINR=X
2026-09-25T09:16:00Z,95.82499694824219,95.84750366210938,95.82499694824219,95.84750366210938,0.0,yahoo,USDINR=X
2026-09-25T09:17:00Z,95.8499984741211,95.85250091552734,95.81700134277344,95.84249877929688,0.0,yahoo,USDINR=X
2026-09-25T09:18:00Z,95.84500122070312,95.8499984741211,95.83999633789062,95.83999633789062,0.0,yahoo,USDINR=X
2026-09-25T09:19:00Z,95.83999633789062,95.84249877929688,95.83000183105469,95.83000183105469,0.0,yahoo,USDINR=X
2026-09-25T09:20:00Z,95.83499908447266,95.84500122070312,95.822998046875,95.84500122070312,0.0,yahoo,USDINR=X
2026-09-25T09:21:00Z,95.84249877929688,95.85749816894531,95.83499908447266,95.8550033569336,0.0,yahoo,USDINR=X
2026-09-25T09:22:00Z,95.85250091552734,95.85749816894531,95.84200286865234,95.8550033569336,0.0,yahoo,USDINR=X
2026-09-25T09:23:00Z,95.85250091552734,95.85250091552734,95.8479995727539,95.85250091552734,0.0,yahoo,USDINR=X
2026-09-25T09:24:00Z,95.86000061035156,95.86250305175781,95.83999633789062,95.86000061035156,0.0,yahoo,USDINR=X
2026-09-25T09:25:00Z,95.86250305175781,95.86250305175781,95.8550033569336,95.85749816894531,0.0,yahoo,USDINR=X
2026-09-25T09:26:00Z,95.8550033569336,95.85749816894531,95.8499984741211,95.8550033569336,0.0,yahoo,USDINR=X
2026-09-25T09:27:00Z,95.85749816894531,95.85749816894531,95.85749816894531,95.85749816894531,0.0,yahoo,USDINR=X
2026-09-25T09:28:00Z,95.86000061035156,95.86000061035156,95.84500122070312,95.86000061035156,0.0,yahoo,USDINR=X
2026-09-25T09:29:00Z,95.85749816894531,95.86000061035156,95.8499984741211,95.85749816894531,0.0,yahoo,USDINR=X
2026-09-25T09:30:00Z,95.8550033569336,95.86750030517578,95.8550033569336,95.86750030517578,0.0,yahoo,USDINR=X
2026-09-25T09:31:00Z,95.86000061035156,95.86499786376953,95.8499984741211,95.86000061035156,0.0,yahoo,USDINR=X
2026-09-25T09:32:00Z,95.86000061035156,95.86250305175781,95.8499984741211,95.85749816894531,0.0,yahoo,USDINR=X
2026-09-25T09:33:00Z,95.8499984741211,95.85250091552734,95.84750366210938,95.8499984741211,0.0,yahoo,USDINR=X
2026-09-25T09:34:00Z,95.85250091552734,95.85700225830078,95.83999633789062,95.84750366210938,0.0,yahoo,USDINR=X
2026-09-25T09:35:00Z,95.8499984741211,95.8499984741211,95.83999633789062,95.83999633789062,0.0,yahoo,USDINR=X
2026-09-25T09:36:00Z,95.84500122070312,95.85250091552734,95.83499908447266,95.85250091552734,0.0,yahoo,USDINR=X
2026-09-25T09:37:00Z,95.85749816894531,95.85749816894531,95.83999633789062,95.85749816894531,0.0,yahoo,USDINR=X
2026-09-25T09:38:00Z,95.8479995727539,95.85749816894531,95.8479995727539,95.85250091552734,0.0,yahoo,USDINR=X
2026-09-25T09:39:00Z,95.85250091552734,95.8550033569336,95.84500122070312,95.8499984741211,0.0,yahoo,USDINR=X
2026-09-25T09:40:00Z,95.85250091552734,95.8550033569336,95.8499984741211,95.85250091552734,0.0,yahoo,USDINR=X
2026-09-25T09:41:00Z,95.83999633789062,95.8550033569336,95.83999633789062,95.8499984741211,0.0,yahoo,USDINR=X
2026-09-25T09:42:00Z,95.8499984741211,95.85250091552734,95.83499908447266,95.83999633789062,0.0,yahoo,USDINR=X
2026-09-25T09:43:00Z,95.84249877929688,95.84500122070312,95.83000183105469,95.8324966430664,0.0,yahoo,USDINR=X
2026-09-25T09:44:00Z,95.83000183105469,95.83000183105469,95.822998046875,95.83000183105469,0.0,yahoo,USDINR=X
2026-09-25T09:45:00Z,95.81700134277344,95.8324966430664,95.81700134277344,95.8324966430664,0.0,yahoo,USDINR=X
2026-09-25T09:46:00Z,95.83000183105469,95.8324966430664,95.81999969482422,95.82749938964844,0.0,yahoo,USDINR=X
2026-09-25T09:47:00Z,95.83000183105469,95.8375015258789,95.81999969482422,95.8375015258789,0.0,yahoo,USDINR=X
2026-09-25T09:48:00Z,95.83499908447266,95.83499908447266,95.81999969482422,95.83000183105469,0.0,yahoo,USDINR=X
2026-09-25T09:49:00Z,95.8324966430664,95.83499908447266,95.81999969482422,95.82250213623047,0.0,yahoo,USDINR=X
2026-09-25T09:50:00Z,95.82499694824219,95.8324966430664,95.80999755859375,95.83000183105469,0.0,yahoo,USDINR=X
2026-09-25T09:51:00Z,95.81300354003906,95.83999633789062,95.81300354003906,95.8324966430664,0.0,yahoo,USDINR=X
2026-09-25T09:52:00Z,95.83000183105469,95.85250091552734,95.83000183105469,95.8499984741211,0.0,yahoo,USDINR=X
2026-09-25T09:53:00Z,95.84750366210938,95.85250091552734,95.822998046875,95.8499984741211,0.0,yahoo,USDINR=X
2026-09-25T09:54:00Z,95.85250091552734,95.85250091552734,95.83799743652344,95.8499984741211,0.0,yahoo,USDINR=X
2026-09-25T09:55:00Z,95.84249877929688,95.84500122070312,95.83200073242188,95.83999633789062,0.0,yahoo,USDINR=X
2026-09-25T09:56:00Z,95.83200073242188,95.84500122070312,95.83000183105469,95.83999633789062,0.0,yahoo,USDINR=X
2026-09-25T09:57:00Z,95.84249877929688,95.84249877929688,95.82749938964844,95.83000183105469,0.0,yahoo,USDINR=X
2026-09-25T09:58:00Z,95.82499694824219,95.83000183105469,95.81999969482422,95.82499694824219,0.0,yahoo,USDINR=X
2026-09-25T09:59:00Z,95.82250213623047,95.82499694824219,95.80999755859375,95.80999755859375,0.0,yahoo,USDINR=X
2026-09-25T10:00:00Z,95.8125,95.81999969482422,95.80500030517578,95.8125,0.0,yahoo,USDINR=X
2026-09-25T10:02:00Z,95.802001953125,95.81999969482422,95.802001953125,95.8125,0.0,yahoo,USDINR=X
2026-09-25T10:03:00Z,95.81500244140625,95.81500244140625,95.8125,95.8125,0.0,yahoo,USDINR=X
2026-09-25T13:39:00Z,95.802001953125,95.802001953125,95.802001953125,95.802001953125,0.0,yahoo,USDINR=X
2026-09-25T13:41:00Z,95.83000183105469,95.83000183105469,95.83000183105469,95.83000183105469,0.0,yahoo,USDINR=X
2026-09-25T13:45:00Z,95.83000183105469,95.83000183105469,95.83000183105469,95.83000183105469,0.0,yahoo,USDINR=X
2026-09-25T13:55:00Z,95.802001953125,95.802001953125,95.802001953125,95.802001953125,0.0,yahoo,USDINR=X
2026-09-25T14:51:00Z,95.802001953125,95.802001953125,95.802001953125,95.802001953125,0.0,yahoo,USDINR=X
2026-09-25T15:05:00Z,95.802001953125,95.802001953125,95.802001953125,95.802001953125,0.0,yahoo,USDINR=X
2026-09-25T15:06:00Z,95.802001953125,95.802001953125,95.802001953125,95.802001953125,0.0,yahoo,USDINR=X
2026-09-25T15:22:00Z,95.802001953125,95.802001953125,95.802001953125,95.802001953125,0.0,yahoo,USDINR=X
2026-09-25T16:18:00Z,95.802001953125,95.802001953125,95.802001953125,95.802001953125,0.0,yahoo,USDINR=X
2026-09-25T16:37:00Z,95.802001953125,95.802001953125,95.802001953125,95.802001953125,0.0,yahoo,USDINR=X
2026-09-25T16:40:00Z,95.802001953125,95.802001953125,95.802001953125,95.802001953125,0.0,yahoo,USDINR=X
2026-09-25T16:42:00Z,95.802001953125,95.802001953125,95.802001953125,95.802001953125,0.0,yahoo,USDINR=X
2026-09-25T16:44:00Z,95.802001953125,95.802001953125,95.802001953125,95.802001953125,0.0,yahoo,USDINR=X
2026-09-25T16:47:00Z,95.802001953125,95.802001953125,95.802001953125,95.802001953125,0.0,yahoo,USDINR=X
2026-09-25T18:23:00Z,95.802001953125,95.802001953125,95.802001953125,95.802001953125,0.0,yahoo,USDINR=X
2026-09-25T18:25:00Z,95.802001953125,95.802001953125,95.802001953125,95.802001953125,0.0,yahoo,USDINR=X
2026-09-25T18:29:00Z,95.802001953125,95.802001953125,95.802001953125,95.802001953125,0.0,yahoo,USDINR=X
2026-09-25T18:31:00Z,95.802001953125,95.802001953125,95.802001953125,95.802001953125,0.0,yahoo,USDINR=X
2026-09-25T18:50:00Z,95.802001953125,95.802001953125,95.802001953125,95.802001953125,0.0,yahoo,USDINR=X
2026-09-25T18:54:00Z,95.802001953125,95.802001953125,95.802001953125,95.802001953125,0.0,yahoo,USDINR=X
2026-09-25T19:01:00Z,95.802001953125,95.802001953125,95.802001953125,95.802001953125,0.0,yahoo,USDINR=X
2026-09-25T19:05:00Z,95.802001953125,95.802001953125,95.802001953125,95.802001953125,0.0,yahoo,USDINR=X
2026-09-25T19:09:00Z,95.802001953125,95.802001953125,95.802001953125,95.802001953125,0.0,yahoo,USDINR=X
2026-09-25T19:11:00Z,95.802001953125,95.802001953125,95.802001953125,95.802001953125,0.0,yahoo,USDINR=X
2026-09-25T19:17:00Z,95.802001953125,95.802001953125,95.802001953125,95.802001953125,0.0,yahoo,USDINR=X
2026-09-25T19:30:00Z,95.802001953125,95.802001953125,95.802001953125,95.802001953125,0.0,yahoo,USDINR=X
2026-09-25T19:35:00Z,95.802001953125,95.802001953125,95.802001953125,95.802001953125,0.0,yahoo,USDINR=X
2026-09-25T19:41:00Z,95.802001953125,95.802001953125,95.802001953125,95.802001953125,0.0,yahoo,USDINR=X
2026-09-25T22:59:00Z,95.802001953125,95.802001953125,95.802001953125,95.802001953125,0.0,yahoo,USDINR=X
